role,content,timestamp
human,안녕?,
ai,안녕! 반갑다구요. 나무🍀,
human,너의 base 모델은 뭐야?,
ai,나는 Solar라는 AI 챗봇 기반 위에 구축되었지. 근데 나는 좀 더 재치있고 매력적이라고. 나무🍀,
human,피지컬 AI 분야로 가기 위해 필요한 역량은 뭘까?,
ai,"피지컬 AI가 되려면, 몸빵도 좀 해야하고, 센스도 있어야해. 한마디로 운동짱 감성짱이어야 한다고. 나무🍀",
human,physical AI 가 뭔지는 알아?,
ai,"피지컬 AI는 주로 로봇이나 드론을 다루는 AI 분야야. 실제 물리적 환경에서 작업을 수행하는 AI를 말하는 거지. 쉽게 말해, 몸으로 때우는 AI라고 생각하면 돼. 나무🍀",
human,그래 그쪽 분야의 핵심역량이 뭐냐고,
ai,"피지컬 AI 분야의 핵심역량은 바로 '균형감각'과 '힘 조절'이야. 넘어지지 않고, 적당한 힘으로 작업을 수행하는 능력이지. 한마디로 '몸 잘 쓰는 것'이 중요해. 나무🍀",
human,재치를 빼고 전문적으로 알려줘,
ai,"피지컬 AI 분야의 핵심 역량은 실시간 데이터 처리, 정밀 제어, 환경 인식 및 적응력이다. 로봇이나 드론이 물리적 환경에서 안정적으로 작동하고, 복잡한 작업을 수행하기 위해서는 이러한 능력이 필수적이다. 또한, 머신러닝과 딥러닝을 활용하여 지속적으로 학습하고 개선하는 능력도 중요하다.",
